sale_id,vehicle_id,sale_price,days_on_lot
S1001,V0001,23200,15
S1002,V0002,43500,5
S1003,V0003,21000,45
S1004,V0004,,-2
S1005,V0005,58000,120
S1006,V0006,27500,30
S1007,V0007,19500,200
S1008,V0008,,15
S1009,V0009,36000,55
S1010,V0010,22500,10
S1011,V0011,39000,2
S1012,V0012,42000,85
S1013,V0013,,12
S1014,V0014,33000,70
S1501,V0015,25800,14
S1502,V0016,,4
S1503,V0017,28100,52
S1504,V0018,53000,-5
S1505,V0019,43500,110
S1506,V0020,,22
S1507,V0021,25000,180
S1508,V0022,55000,35
S1509,V0023,41000,60
S1510,V0024,30500,8
S1511,V0025,24500,3
S1512,V0026,46500,95
S1513,V0027,,10
S1514,V0028,30000,88
S1515,V0029,40000,2
S1516,V0030,51000,130
S1517,V0031,38000,15
S1518,V0032,18000,210
S1519,V0033,27000,42
S1520,V0034,52000,75
S1521,V0035,35500,12
S1522,V0036,37500,5
S1523,V0037,54000,105
S1524,V0038,,20
S1525,V0039,28500,95
S1531,V0040,32500,22
S1537,V0041,46500,95
S1544,V0042,27000,42
S2554,V0043,53000,-5
S2556,V0044,0,22
S2557,V0021,25000,500
S2560,V0024,65000,8
S3052,V0045,47000,4
S3057,V0021,25000,180
S3058,V0022,55000,35
S3551,V0015,25800,14
S3552,V0046,47000,4
S3554,V0018,105000,-5
S4254,V0018,1,-5
S5002,V0047,47000,4
S6001,V0048,31500,12
S6002,V0049,33800,28
S6003,V0050,,45
S6004,V0051,54500,2
S6005,V0052,30200,15
S6006,V0053,49000,90
S6007,V0054,26500,65
S6008,V0055,43000,8
S6009,V0056,41000,5
S6010,V0057,39000,-1
S6011,V0058,42500,110
S6012,V0059,18500,150
S6013,V0060,50000,14
S6014,V0061,27000,35
S6015,V0062,58000,85
S6016,V0063,,22
S6017,V0064,27200,40
S6018,V0065,32500,3
S6019,V0066,35000,75
S6020,V0067,34500,25
S6021,V0068,47500,10
S6022,V0069,28000,55
S6023,V0070,23000,30
S6024,V0071,,18
S6025,V0072,52000,-3
S6026,V0073,38000,120
S6027,V0074,22500,12
S6028,V0075,33000,45
S6029,V0076,53000,20
S6030,V0077,33500,50
S6031,V0078,31000,95
S6032,V0079,48000,1
S6033,V0080,28500,14
S6034,V0081,,60
S6035,V0082,33000,80
S6036,V0083,38000,15
S6037,V0084,85000,-10
S6038,V0085,25000,42
S6039,V0086,24000,35
S6040,V0087,30500,20
S6041,V0088,36500,55
S6042,V0089,21000,100
S6043,V0090,36000,18
S6044,V0091,37000,70
S6045,V0092,,5
S6046,V0093,21500,10
S6047,V0094,31500,40
S6048,V0095,28000,85
S6049,V0096,48000,4
S6050,V0097,95000,-5
S6051,V0098,22000,12
S6052,V0016,1,4
S6053,V0099,38000,90
S6054,V0100,,65
S6055,V0101,37000,15
S7001,V0102,58000,2
S7002,V0103,52000,4
S7003,V0104,31000,25
S7004,V0105,95000,-1
S7005,V0106,74000,10
S7006,V0107,35000,85
S7007,V0108,45000,3
S7008,V0109,,40
S7009,V0110,70000,55
S7010,V0111,44500,12
S7011,V0112,53000,20
S7012,V0113,105000,150
S7013,V0114,31500,65
S7014,V0115,62000,90
S7015,V0116,50000,-5
S7016,V0117,31000,8
S7017,V0118,,5
S7018,V0119,41000,110
S7019,V0120,55000,180
S7020,V0121,42000,14
S7021,V0122,38000,42
S7022,V0123,32000,200
S7023,V0124,78000,1
S7024,V0125,39500,22
S7025,V0126,45000,-2
S7026,V0127,24000,130
S7027,V0128,43000,75
S7028,V0129,29000,2
S7029,V0130,79000,115
S7030,V0131,38000,10
S7031,V0132,0,12
S7032,V0133,55000,5
S7033,V0134,23000,28
S7034,V0135,,95
S7035,V0136,82000,140
S7036,V0137,83000,30
S7037,V0138,20500,8
S7038,V0139,48000,210
S7039,V0140,36000,105
S7040,V0141,71000,1
S7041,V0142,58000,3
S7042,V0143,52000,-10
S7043,V0144,25500,15
S7044,V0145,60000,45
S7045,V0146,72000,60
S7046,V0147,,4
S7047,V0148,26000,80
S7048,V0149,33000,25
S7049,V0150,27500,18
S7050,V0151,19000,190
S7051,V0152,33000,55
S7052,V0153,37000,88
S7053,V0154,89000,2
S7054,V0155,88000,120
S7055,V0156,25000,75
S8001,V0001,23200,15
S8002,V0002,43500,5
S8003,V0003,21000,45
S8004,V0004,,-2
S8005,V0005,58000,120
S8006,V0006,27500,30
S8007,V0007,19500,200
S8008,V0008,,15
S8009,V0009,36000,55
S8010,V0010,22500,10
S8011,V0011,39000,2
S8012,V0012,42000,85
S8013,V0013,,12
S8014,V0014,33000,70
S8015,V0015,25800,14
S8016,V0016,,4
S8017,V0017,28100,52
S8018,V0018,53000,-5
S8019,V0019,43500,110
S8020,V0020,,22
S8021,V0021,25000,180
S8022,V0022,55000,35
S8023,V0023,41000,60
S8024,V0024,30500,8
S8025,V0025,24500,3
S8026,V0026,46500,95
S8027,V0027,,10
S8028,V0028,30000,88
S8029,V0029,40000,2
S8030,V0030,51000,130
S8031,V0031,38000,15
S8032,V0032,18000,210
S8033,V0033,27000,42
S8034,V0034,52000,75
S8035,V0035,35500,12
S8036,V0036,37500,5
S8037,V0037,54000,105
S8038,V0038,,20
S8039,V0039,28500,95
S8040,V0018,105000,-5
S8041,V0157,25800,14
S8042,V0047,47000,4
S8043,V0020,32500,22
S8044,V0029,40000,2
S8045,V0005,58000,120
S8046,V0023,41000,60
S8047,V0024,30500,8
S8048,V0026,46500,95
S8049,V0021,25000,180
S8050,V0022,55000,35
S8051,V0048,31500,12
S8052,V0049,33800,28
S8053,V0050,,45
S8054,V0051,54500,2
S8055,V0052,30200,15
S8056,V0053,49000,90
S8057,V0054,26500,65
S8058,V0055,43000,8
S8059,V0056,41000,5
S8060,V0057,39000,-1
S8061,V0058,42500,110
S8062,V0059,18500,150
S8063,V0060,50000,14
S8064,V0061,27000,35
S8065,V0062,58000,85
S8066,V0063,,22
S8067,V0064,27200,40
S8068,V0065,32500,3
S8069,V0066,35000,75
S8070,V0067,34500,25
S8071,V0068,47500,10
S8072,V0069,28000,55
S8073,V0070,23000,30
S8074,V0071,,18
S8075,V0072,52000,-3
S8076,V0073,38000,120
S8077,V0074,22500,12
S8078,V0075,33000,45
S8079,V0076,53000,20
S8080,V0077,33500,50
S8081,V0078,31000,95
S8082,V0079,48000,1
S8083,V0080,28500,14
S8084,V0081,,60
S8085,V0082,33000,80
S8086,V0083,38000,15
S8087,V0084,85000,-10
S8088,V0085,25000,42
S8089,V0086,24000,35
S8090,V0087,30500,20
S8091,V0088,36500,55
S8092,V0089,21000,100
S8093,V0090,36000,18
S8094,V0091,37000,70
S8095,V0092,,5
S8096,V0093,21500,10
S8097,V0094,31500,40
S8098,V0095,28000,85
S8099,V0096,48000,4
S8100,V0097,95000,-5
S8101,V0102,58000,2
S8102,V0103,52000,4
S8103,V0104,31000,25
S8104,V0105,95000,-1
S8105,V0106,74000,10
S8106,V0107,35000,85
S8107,V0108,45000,3
S8108,V0109,,40
S8109,V0110,70000,55
S8110,V0111,44500,12
S8111,V0112,53000,20
S8112,V0113,105000,150
S8113,V0114,31500,65
S8114,V0115,62000,90
S8115,V0116,50000,-5
S8116,V0117,31000,8
S8117,V0118,,5
S8118,V0119,41000,110
S8119,V0120,55000,180
S8120,V0121,42000,14
S8121,V0122,38000,42
S8122,V0123,32000,200
S8123,V0124,78000,1
S8124,V0125,39500,22
S8125,V0126,45000,-2
S8126,V0127,24000,130
S8127,V0128,43000,75
S8128,V0129,29000,2
S8129,V0130,79000,115
S8130,V0029,38000,10
S8131,V0132,0,12
S8132,V0133,55000,5
S8133,V0134,23000,28
S8134,V0135,,95
S8135,V0136,82000,140
S8136,V0137,83000,30
S8137,V0138,20500,8
S8138,V0139,48000,210
S8139,V0140,36000,105
S8140,V0141,71000,1
S8141,V0142,58000,3
S8142,V0143,52000,-10
S8143,V0144,25500,15
S8144,V0145,60000,45
S8145,V0146,72000,60
S8146,V0147,,4
S8147,V0148,26000,80
S8148,V0149,33000,25
S8149,V0150,27500,18
S8150,V0151,19000,190
S8151,V0158,27500,15
S8152,V0159,22000,30
S8153,V0160,20500,10
S8154,V0161,24000,60
S8155,V0162,42000,45
S8156,V0163,25000,80
S8157,V0164,28000,12
S8158,V0165,32000,55
S8159,V0166,16500,120
S8160,V0167,14000,45
S8161,V0168,50000,20
S8162,V0169,52000,75
S8163,V0170,24000,100
S8164,V0171,31000,150
S8165,V0172,53000,5
S8166,V0173,210000,-1
S8167,V0174,82000,180
S8168,V0175,550000,1
S8169,V0176,33000,95
S8170,V0177,29000,140
S8171,V0178,170000,10
S8172,V0179,160000,5
S8173,V0180,45000,65
S8174,V0181,125000,2
S8175,V0182,45000,45
S8176,V0183,28000,200
S8177,V0184,40000,130
S8178,V0131,39000,10
S8179,V0185,50000,2
S8180,V0186,80000,1
S8181,V0187,55000,50
S8182,V0188,105000,-5
S8183,V0189,58000,35
S8184,V0190,45000,5
S8185,V0191,49000,2
S8186,V0192,68000,10
S8187,V0193,165000,1
S8188,V0194,160000,-1
S8189,V0195,48000,3
S8190,V0196,52000,2
S8191,V0197,53000,45
S8192,V0198,51000,60
S8193,V0199,65000,-2
S8194,V0200,70000,1
S8195,V0201,32000,5
S8196,V0202,65000,1
S8197,V0203,68000,2
S8198,V0204,58000,1
S8199,V0205,50000,5
S8200,V0206,120000,1
S9001,V0001,23200,15
S9002,V0002,43500,5
S9003,V0003,21000,45
S9004,V0004,,-2
S9005,V0005,58000,120
S9006,V0006,27500,30
S9007,V0007,19500,200
S9008,V0008,,15
S9009,V0009,36000,55
S9010,V0010,22500,10
S9011,V0011,39000,2
S9012,V0012,42000,85
S9013,V0013,,12
S9014,V0014,33000,70
S9015,V0015,25800,14
S9016,V0016,,4
S9017,V0017,28100,52
S9018,V0018,53000,-5
S9019,V0019,43500,110
S9020,V0020,,22
S9021,V0021,25000,180
S9022,V0022,55000,35
S9023,V0023,41000,60
S9024,V0024,30500,8
S9025,V0025,24500,3
S9026,V0026,46500,95
S9027,V0027,,10
S9028,V0028,30000,88
S9029,V0029,40000,2
S9030,V0030,51000,130
S9031,V0031,38000,15
S9032,V0032,18000,210
S9033,V0033,27000,42
S9034,V0034,52000,75
S9035,V0035,35500,12
S9036,V0036,37500,5
S9037,V0037,54000,105
S9038,V0038,,20
S9039,V0039,28500,95
S9040,V0018,105000,-5
S9041,V0048,31500,12
S9042,V0049,33800,28
S9043,V0050,,45
S9044,V0051,54500,2
S9045,V0052,30200,15
S9046,V0053,49000,90
S9047,V0054,26500,65
S9048,V0055,43000,8
S9049,V0056,41000,5
S9050,V0057,39000,-1
S9051,V0058,42500,110
S9052,V0059,18500,150
S9053,V0060,50000,14
S9054,V0061,27000,35
S9055,V0062,58000,85
S9056,V0063,,22
S9057,V0064,27200,40
S9058,V0065,32500,3
S9059,V0066,35000,75
S9060,V0067,34500,25
S9061,V0068,47500,10
S9062,V0069,28000,55
S9063,V0070,23000,30
S9064,V0071,,18
S9065,V0072,52000,-3
S9066,V0073,38000,120
S9067,V0074,22500,12
S9068,V0075,33000,45
S9069,V0076,53000,20
S9070,V0077,33500,50
S9071,V0078,31000,95
S9072,V0079,48000,1
S9073,V0080,28500,14
S9074,V0081,,60
S9075,V0082,33000,80
S9076,V0083,38000,15
S9077,V0084,85000,-10
S9078,V0085,25000,42
S9079,V0086,24000,35
S9080,V0087,30500,20
S9081,V0088,36500,55
S9082,V0089,21000,100
S9083,V0090,36000,18
S9084,V0091,37000,70
S9085,V0092,,5
S9086,V0093,21500,10
S9087,V0094,31500,40
S9088,V0095,28000,85
S9089,V0096,48000,4
S9090,V0097,95000,-5
S9091,V0102,58000,2
S9092,V0103,52000,4
S9093,V0104,31000,25
S9094,V0105,95000,-1
S9095,V0106,74000,10
S9096,V0107,35000,85
S9097,V0108,45000,3
S9098,V0109,,40
S9099,V0110,70000,55
S9100,V0111,44500,12
S9101,V0207,17500,60
S9102,V0208,40500,25
S9103,V0209,,90
S9104,V0210,21000,110
S9105,V0211,57000,15
S9106,V0212,38000,70
S9107,V0213,21000,14
S9108,V0214,63000,8
S9109,V0215,36000,85
S9110,V0029,39000,-2
S9111,V0216,81000,120
S9112,V0217,73000,20
S9113,V0218,110000,150
S9114,V0219,,5
S9115,V0220,34000,30
S9116,V0221,57000,45
S9117,V0222,27500,12
S9118,V0223,20000,100
S9119,V0224,35500,55
S9120,V0225,,65
S9121,V0226,44000,18
S9122,V0227,22500,90
S9123,V0228,33500,10
S9124,V0229,32000,75
S9125,V0230,26000,80
S9126,V0018,53000,-1
S9127,V0231,49000,110
S9128,V0232,,60
S9129,V0233,38000,15
S9130,V0234,28500,20
S9131,V0235,45000,95
S9132,V0236,,105
S9133,V0237,52000,-5
S9134,V0238,24500,45
S9135,V0239,25000,85
S9136,V0240,26500,12
S9137,V0241,87000,120
S9138,V0242,39000,95
S9139,V0243,37000,110
S9140,V0244,64000,130
S9141,V0245,39000,25
S9142,V0246,88000,-10
S9143,V0247,77000,10
S9144,V0248,130000,2
S9145,V0249,98000,5
S9146,V0250,46000,-2
S9147,V0251,,10
S9148,V0252,82000,5
S9149,V0253,52000,1
S9150,V0254,46000,-3
S9151,V0255,33000,3
S9152,V0256,75000,12
S9153,V0257,52000,2
S9154,V0258,110000,1
S9155,V0259,175000,1
S9156,V0260,54000,30
S9157,V0261,110000,-5
S9158,V0262,60000,45
S9159,V0263,75000,1
S9160,V0264,90000,2
S9161,V0265,51000,4
S9162,V0266,31000,2
S9163,V0267,50000,5
S9164,V0268,40000,15
S9165,V0269,60000,5
S9166,V0270,57000,55
S9167,V0271,56000,25
S9168,V0272,21000,10
S9169,V0273,25000,140
S9170,V0274,55000,3
S9171,V0275,47000,80
S9172,V0276,55000,5
S9173,V0277,36000,1
S9174,V0278,98000,-4
S9175,V0279,66000,22
S9176,V0280,55000,70
S9177,V0281,53000,45
S9178,V0282,33000,2
S9179,V0283,34000,180
S9180,V0284,24000,90
S9181,V0285,42000,1
S9182,V0286,48000,2
S9183,V0287,43000,1
S9184,V0288,180000,1
S9185,V0289,88000,5
S9186,V0290,62000,40
S9187,V0291,180000,10
S9188,V0292,68000,-1
S9189,V0293,22500,5
S9190,V0294,34000,15
S9191,V0295,45000,2
S9192,V0296,48000,55
S9193,V0297,35000,1
S9194,V0173,250000,1
S9195,V0298,88000,60
S9196,V0299,45000,120
S9197,V0300,40000,30
S9198,V0301,48000,25
S9199,V0302,125000,5
S9200,V0303,42000,2
S9201,V0304,32000,1
S9202,V0305,42000,1
S9203,V0306,18000,95
S9204,V0029,39000,5
S9205,V0307,42000,1
S9206,V0308,35000,85
S9207,V0309,41000,1
S9208,V0310,31000,1
S9209,V0311,49000,45
S9210,V0312,31000,1
S9211,V0102,58000,2
S9212,V0103,52000,4
S9213,V0104,31000,25
S9214,V0105,95000,-1
S9215,V0106,74000,10
S9216,V0107,35000,85
S9217,V0108,45000,3
S9218,V0109,,40
S9219,V0110,70000,55
S9220,V0111,44500,12
S9221,V0048,31500,12
S9222,V0049,33800,28
S9223,V0050,,45
S9224,V0051,54500,2
S9225,V0052,30200,15
S9226,V0053,49000,90
S9227,V0054,26500,65
S9228,V0055,43000,8
S9229,V0056,41000,5
S9230,V0057,39000,-1
S9231,V0058,42500,110
S9232,V0059,18500,150
S9233,V0060,50000,14
S9234,V0061,27000,35
S9235,V0062,58000,85
S9236,V0063,,22
S9237,V0064,27200,40
S9238,V0065,32500,3
S9239,V0066,35000,75
S9240,V0067,34500,25
S9241,V0068,47500,10
S9242,V0069,28000,55
S9243,V0070,23000,30
S9244,V0071,,18
S9245,V0072,52000,-3
S9246,V0073,38000,120
S9247,V0074,22500,12
S9248,V0075,33000,45
S9249,V0076,53000,20
S9250,V0077,33500,50
S9251,V0078,31000,95
S9252,V0079,48000,1
S9253,V0080,28500,14
S9254,V0081,,60
S9255,V0082,33000,80
S9256,V0083,38000,15
S9257,V0084,85000,-10
S9258,V0085,25000,42
S9259,V0086,24000,35
S9260,V0087,30500,20
S9261,V0088,36500,55
S9262,V0089,21000,100
S9263,V0090,36000,18
S9264,V0091,37000,70
S9265,V0092,,5
S9266,V0093,21500,10
S9267,V0094,31500,40
S9268,V0095,28000,85
S9269,V0096,48000,4
S9270,V0097,95000,-5
S9271,V0098,22000,12
S9272,V0016,1,4
S9273,V0099,38000,90
S9274,V0100,,65
S9275,V0101,37000,15
S9276,V0079,48000,1
S9277,V0140,36000,105
S9278,V0141,71000,1
S9279,V0142,58000,3
S9280,V0143,52000,-10
S9281,V0144,25500,15
S9282,V0145,60000,45
S9283,V0146,72000,60
S9284,V0147,,4
S9285,V0148,26000,80
S9286,V0149,33000,25
S9287,V0150,27500,18
S9288,V0151,19000,190
S9289,V0158,27500,15
S9290,V0159,22000,30
S9291,V0160,20500,10
S9292,V0161,24000,60
S9293,V0162,42000,45
S9294,V0163,25000,80
S9295,V0164,28000,12
S9296,V0165,32000,55
S9297,V0166,16500,120
S9298,V0167,14000,45
S9299,V0168,50000,20
S9300,V0169,52000,75
S9301,V0102,58000,2
S9302,V0103,52000,4
S9303,V0104,31000,25
S9304,V0105,95000,-1
S9305,V0106,74000,10
S9306,V0107,35000,85
S9307,V0108,45000,3
S9308,V0109,,40
S9309,V0110,70000,55
S9310,V0111,44500,12
S9311,V0207,17500,60
S9312,V0208,40500,25
S9313,V0209,,90
S9314,V0210,21000,110
S9315,V0211,57000,15
S9316,V0212,38000,70
S9317,V0213,21000,14
S9318,V0214,63000,8
S9319,V0215,36000,85
S9320,V0029,39000,-2
S9321,V0216,81000,120
S9322,V0217,73000,20
S9323,V0218,110000,150
S9324,V0219,,5
S9325,V0220,34000,30
S9326,V0221,57000,45
S9327,V0222,27500,12
S9328,V0223,20000,100
S9329,V0224,35500,55
S9330,V0225,,65
S9331,V0226,44000,18
S9332,V0227,22500,90
S9333,V0228,33500,10
S9334,V0229,32000,75
S9335,V0230,26000,80
S9336,V0018,53000,-1
S9337,V0231,49000,110
S9338,V0232,,60
S9339,V0233,38000,15
S9340,V0234,28500,20
S9341,V0235,45000,95
S9342,V0236,,105
S9343,V0237,52000,-5
S9344,V0238,24500,45
S9345,V0239,25000,85
S9346,V0240,26500,12
S9347,V0241,87000,120
S9348,V0242,39000,95
S9349,V0243,37000,110
S9350,V0244,64000,130
S9351,V0245,39000,25
S9352,V0246,88000,-10
S9353,V0247,77000,10
S9354,V0248,130000,2
S9355,V0249,98000,5
S9356,V0250,46000,-2
S9357,V0251,,10
S9358,V0252,82000,5
S9359,V0253,52000,1
S9360,V0254,46000,-3
S9361,V0255,33000,3
S9362,V0256,75000,12
S9363,V0257,52000,2
S9364,V0258,110000,1
S9365,V0259,175000,1
S9366,V0260,54000,30
S9367,V0261,110000,-5
S9368,V0262,60000,45
S9369,V0263,75000,1
S9370,V0264,90000,2
S9371,V0265,51000,4
S9372,V0266,31000,2
S9373,V0267,50000,5
S9374,V0268,40000,15
S9375,V0269,60000,5
S9376,V0270,57000,55
S9377,V0271,56000,25
S9378,V0272,21000,10
S9379,V0273,25000,140
S9380,V0274,55000,3
S9381,V0275,47000,80
S9382,V0276,55000,5
S9383,V0277,36000,1
S9384,V0278,98000,-4
S9385,V0279,66000,22
S9386,V0280,55000,70
S9387,V0281,53000,45
S9388,V0282,33000,2
S9389,V0283,34000,180
S9390,V0284,24000,90
S9391,V0285,42000,1
S9392,V0286,48000,2
S9393,V0287,43000,1
S9394,V0288,180000,1
S9395,V0289,88000,5
S9396,V0290,62000,40
S9397,V0291,180000,10
S9398,V0292,68000,-1
S9399,V0293,22500,5
S9400,V0294,34000,15
S9401,V0102,58000,2
S9402,V0103,52000,4
S9403,V0104,31000,25
S9404,V0105,95000,-1
S9405,V0106,74000,10
S9406,V0107,35000,85
S9407,V0108,45000,3
S9408,V0109,,40
S9409,V0110,70000,55
S9410,V0111,44500,12
S9411,V0207,17500,60
S9412,V0208,40500,25
S9413,V0209,,90
S9414,V0210,21000,110
S9415,V0211,57000,15
S9416,V0212,38000,70
S9417,V0213,21000,14
S9418,V0214,63000,8
S9419,V0215,36000,85
S9420,V0029,39000,-2
S9421,V0216,81000,120
S9422,V0217,73000,20
S9423,V0218,110000,150
S9424,V0219,,5
S9425,V0220,34000,30
S9426,V0221,57000,45
S9427,V0222,27500,12
S9428,V0223,20000,100
S9429,V0224,35500,55
S9430,V0225,,65
S9431,V0226,44000,18
S9432,V0227,22500,90
S9433,V0228,33500,10
S9434,V0229,32000,75
S9435,V0230,26000,80
S9436,V0018,53000,-1
S9437,V0231,49000,110
S9438,V0232,,60
S9439,V0233,38000,15
S9440,V0234,28500,20
S9441,V0235,45000,95
S9442,V0236,,105
S9443,V0237,52000,-5
S9444,V0238,24500,45
S9445,V0239,25000,85
S9446,V0240,26500,12
S9447,V0241,87000,120
S9448,V0242,39000,95
S9449,V0243,37000,110
S9450,V0244,64000,130
S9451,V0245,39000,25
S9452,V0246,88000,-10
S9453,V0247,77000,10
S9454,V0248,130000,2
S9455,V0249,98000,5
S9456,V0250,46000,-2
S9457,V0251,,10
S9458,V0252,82000,5
S9459,V0253,52000,1
S9460,V0254,46000,-3
S9461,V0255,33000,3
S9462,V0256,75000,12
S9463,V0257,52000,2
S9464,V0258,110000,1
S9465,V0259,175000,1
S9466,V0260,54000,30
S9467,V0261,110000,-5
S9468,V0262,60000,45
S9469,V0263,75000,1
S9470,V0264,90000,2
S9471,V0265,51000,4
S9472,V0266,31000,2
S9473,V0267,50000,5
S9474,V0268,40000,15
S9475,V0269,60000,5
S9476,V0270,57000,55
S9477,V0271,56000,25
S9478,V0272,21000,10
S9479,V0273,25000,140
S9480,V0274,55000,3
S9481,V0275,47000,80
S9482,V0276,55000,5
S9483,V0277,36000,1
S9484,V0278,98000,-4
S9485,V0279,66000,22
S9486,V0280,55000,70
S9487,V0281,53000,45
S9488,V0282,33000,2
S9489,V0283,34000,180
S9490,V0284,24000,90
S9491,V0285,42000,1
S9492,V0286,48000,2
S9493,V0287,43000,1
S9494,V0288,180000,1
S9495,V0289,88000,5
S9496,V0290,62000,40
S9497,V0291,180000,10
S9498,V0292,68000,-1
S9499,V0293,22500,5
S9500,V0294,34000,15
S9501,V0313,23800,12
S9502,V0314,54500,2
S9503,V0315,26500,45
S9504,V0316,,-1
S9505,V0317,59000,110
S9506,V0318,33000,20
S9507,V0319,18500,210
S9508,V0320,,30
S9509,V0321,39500,65
S9510,V0322,32000,5
S9511,V0323,36000,50
S9512,V0324,41000,95
S9513,V0325,35000,1
S9514,V0326,,85
S9515,V0068,47200,15
S9516,V0327,29000,120
S9517,V0328,27800,40
S9518,V0329,52000,-2
S9519,V0330,55000,10
S9520,V0331,28500,75
S9521,V0332,49000,90
S9522,V0333,28200,25
S9523,V0334,64000,3
S9524,V0335,42000,80
S9525,V0336,,14
S9526,V0337,25500,105
S9527,V0338,30500,2
S9528,V0339,41500,115
S9529,V0340,18000,180
S9530,V0341,66000,45
S9531,V0342,89000,-5
S9532,V0343,,70
S9533,V0344,42500,12
S9534,V0345,24000,95
S9535,V0346,29000,60
S9536,V0347,24200,22
S9537,V0348,47000,1
S9538,V0349,27000,88
S9539,V0350,56000,130
S9540,V0351,49000,-10
S9541,V0352,35500,42
S9542,V0353,39500,15
S9543,V0354,,25
S9544,V0355,42000,4
S9545,V0356,32500,110
S9546,V0357,96000,-1
S9547,V0358,55000,100
S9548,V0359,38500,140
S9549,V0360,42000,35
S9550,V0361,60000,2
S10001,V0362,26500,45
S10002,V0363,50000,12
S10003,V0364,22000,88
S10004,V0004,,-2
S10005,V0365,64000,110
S10006,V0366,31000,15
S10007,V0007,19000,220
S10008,V0367,,40
S10009,V0368,38000,65
S10010,V0369,32500,8
S10011,V0011,39000,5
S10012,V0370,44000,92
S10013,V0371,,14
S10014,V0372,34500,78
S10015,V0373,48000,22
S10016,V0374,32000,55
S10017,V0375,,85
S10018,V0018,53000,-5
S10019,V0376,54000,18
S10020,V0377,30000,30
S10021,V0378,46000,105
S10022,V0379,26500,70
S10023,V0380,58000,35
S10024,V0023,41000,82
S10025,V0381,24500,2
S10026,V0382,,95
S10027,V0027,41500,12
S10028,V0383,45000,25
S10029,V0384,19500,150
S10030,V0385,62000,60
S10031,V0246,88000,-10
S10032,V0386,,45
S10033,V0387,28000,120
S10034,V0388,29500,65
S10035,V0389,31000,30
S10036,V0070,22500,50
S10037,V0390,39000,110
S10038,V0391,29000,42
S10039,V0392,,75
S10040,V0079,48000,-4
S10041,V0393,33500,88
S10042,V0394,38500,15
S10043,V0395,41000,130
S10044,V0396,,28
S10045,V0397,42000,1
S10046,V0097,95000,-8
S10047,V0037,54000,95
S10048,V0398,42000,35
S10049,V0399,37000,85
S10050,V0400,61000,2
S10051,V0401,22000,55
S10052,V0402,59000,4
S10053,V0403,28500,18
S10054,V0029,39500,5
S10055,V0404,58000,140
S10056,V0277,36000,1
S10057,V0405,21000,110
S10058,V0406,,75
S10059,V0407,37000,20
S10060,V0219,36000,5
S10061,V0408,33000,60
S10062,V0409,36500,80
S10063,V0304,32000,1
S10064,V0103,,15
S10065,V0410,25500,30
S10066,V0411,19000,120
S10067,V0412,26000,90
S10068,V0240,26500,45
S10069,V0413,55000,75
S10070,V0414,20500,110
S10071,V0415,,35
S10072,V0416,75000,-2
S10073,V0111,44000,25
S10074,V0417,47000,85
S10075,V0418,44000,2
S10076,V0419,39000,35
S10077,V0420,,90
S10078,V0105,95000,1
S10079,V0421,34000,15
S10080,V0422,17000,140
S10081,V0423,38500,80
S10082,V0424,34000,45
S10083,V0425,,105
S10084,V0426,45500,20
S10085,V0227,22000,130
S10086,V0284,24000,95
S10087,V0427,56000,40
S10088,V0428,47000,-5
S10089,V0429,,10
S10090,V0430,34000,5
S10091,V0216,81000,150
S10092,V0431,76000,8
S10093,V0257,52000,2
S10094,V0288,180000,1
S10095,V0259,175000,1
S10096,V0432,125000,10
S10097,V0433,90000,115
S10098,V0434,85000,1
S10099,V0265,51000,5
S10100,V0435,75000,1
S10101,V0436,29000,5
S10102,V0437,50000,45
S10103,V0438,47000,1
S10104,V0439,,10
S10105,V0440,105000,5
S10106,V0441,38000,90
S10107,V0135,34000,110
S10108,V0442,78000,1
S10109,V0262,,60
S10110,V0443,24000,150
S10111,V0444,60000,2
S10112,V0445,63000,100
S10113,V0446,35500,125
S10114,V0173,250000,1
S10115,V0269,60000,3
S10116,V0447,100000,85
S10117,V0448,56000,70
S10118,V0449,,28
S10119,V0450,17500,220
S10120,V0451,56000,1
S10121,V0452,41000,115
S10122,V0453,32000,95
S10123,V0454,25000,160
S10124,V0268,40000,15
S10125,V0247,77000,45
S10126,V0169,52000,80
S10127,V0455,,60
S10128,V0234,28500,25
S10129,V0456,33000,145
S10130,V0457,38000,110
S10131,V0458,74000,1
S10132,V0459,36500,92
S10133,V0460,52000,-10
S10134,V0289,88000,10
S10135,V0461,,55
S10136,V0299,45000,160
S10137,V0462,19500,130
S10138,V0149,33000,42
S10139,V0150,27500,25
S10140,V0151,18500,210
S10141,V0230,25500,120
S10142,V0342,89000,-15
S10143,V0030,50000,140
S10144,V0300,,45
S10145,V0232,43000,95
S10146,V0035,35000,35
S10147,V0293,22500,5
S10148,V0463,45000,180
S10149,V0286,48000,3
S10150,V0464,31000,88
S10151,V0278,98000,-12
S10152,V0096,48000,12
S10153,V0218,105000,180
S10154,V0465,135000,2
S10155,V0292,,-1
S10156,V0466,46000,5
S10157,V0467,53000,45
S10158,V0468,51000,30
S10159,V0469,17000,150
S10160,V0258,110000,1
S10161,V0470,69000,75
S10162,V0078,31000,130
S10163,V0471,,85
S10164,V0472,22500,65
S10165,V0473,38000,1
S10166,V0474,35000,90
S10167,V0475,31500,105
S10168,V0476,44000,2
S10169,V0029,39000,8
S10170,V0477,89000,5
S10171,V0478,,55
S10172,V0479,61000,48
S10173,V0480,44000,92
S10174,V0093,21000,60
S10175,V0481,46000,2
S10176,V0482,31000,42
S10177,V0297,,1
S10178,V0483,99000,-15
S10179,V0484,49000,120
S10180,V0485,78000,5
S10181,V0486,33500,95
S10182,V0310,31000,1
S10183,V0311,,55
S10184,V0080,28500,30
S10185,V0296,47000,110
S10186,V0487,21000,100
S10187,V0488,41000,12
S10188,V0298,87000,85
S10189,V0489,49000,2
S10190,V0490,,1
S10191,V0491,46000,1
S10192,V0273,25000,160
S10193,V0492,52000,95
S10194,V0493,72000,1
S10195,V0245,,45
S10196,V0342,89000,-10
S10197,V0494,55000,70
S10198,V0063,61000,88
S10199,V0308,35000,125
S10200,V0495,33000,2
S10201,V0496,22500,10
S10202,V0325,,1
S10203,V0497,36000,1
S10204,V0498,34000,35
S10205,V0258,105000,5
S10206,V0279,66000,45
S10207,V0147,48000,2
S10208,V0146,,60
S10209,V0499,31000,1
S10210,V0500,43000,110
S10211,V0501,35000,2
S10212,V0266,30000,12
S10213,V0502,,1
S10214,V0018,53000,-8
S10215,V0307,42000,1
S10216,V0309,41000,1
S10217,V0503,105000,2
S10218,V0250,46000,1
S10219,V0504,,1
S10220,V0505,42000,1
S10221,V0506,43000,1
S10222,V0507,45000,1
S10223,V0316,40000,10
S10224,V0508,78000,1
S10225,V0509,,1
S10226,V0510,48000,1
S10227,V0511,26000,1
S10228,V0065,33000,1
S10229,V0512,32000,1
S10230,V0513,52000,1
S10231,V0514,,1
S10232,V0515,54000,1
S10233,V0516,49000,1
S10234,V0517,51000,1
S10235,V0518,43000,1
S10236,V0519,34000,1
S10237,V0520,24000,1
S10238,V0521,,1
S10239,V0522,46000,1
S10240,V0523,37000,1
S10241,V0524,90000,1
S10242,V0525,58000,1
S10243,V0526,,1
S10244,V0527,60000,1
S10245,V0528,38000,1
S10246,V0529,39000,1
S10247,V0530,47000,1
S10248,V0531,44000,1
S10249,V0532,,1
S10250,V0533,100000,1
S10251,V0534,70000,1
S10252,V0535,67000,1
S10253,V0536,66000,1
S10254,V0537,47000,1
S10255,V0538,,1
S10256,V0539,58000,1
S10257,V0540,53000,1
S10258,V0541,41000,1
S10259,V0542,86000,1
S10260,V0543,88000,1
S10261,V0544,,1
S10262,V0545,79000,1
S10263,V0546,50000,1
S10264,V0547,51000,1
S10265,V0548,43000,1
S10266,V0549,73000,1
S10267,V0550,,1
S10268,V0551,161000,1
S10269,V0552,90000,1
S10270,V0553,108000,1
S10271,V0554,126000,1
S10272,V0555,69000,1
S10273,V0556,,1
S10274,V0557,58000,1
S10275,V0558,53000,1
S10276,V0559,47000,1
S10277,V0560,201000,1
S10278,V0561,166000,1
S10279,V0562,,1
S10280,V0563,61000,1
S10281,V0564,33000,1
S10282,V0565,30000,1
S10283,V0566,24000,1
S10284,V0567,50000,1
S10285,V0568,,1
S10286,V0569,42000,1
S10287,V0570,50000,1
S10288,V0571,52000,1
S10289,V0572,49000,1
S10290,V0573,35000,1
S10291,V0574,,1
S10292,V0575,33000,1
S10293,V0540,53000,1
S10294,V0576,37000,1
S10295,V0577,55000,1
S10296,V0578,79000,1
S10297,V0579,,1
S10298,V0580,44000,1
S10299,V0581,27000,1
S10300,V0582,25000,1
S10301,V0583,37000,1
S10302,V0584,47000,1
S10303,V0585,,1
S10304,V0586,91000,1
S10305,V0587,59000,1
S10306,V0588,63000,1
S10307,V0589,61000,1
S10308,V0590,39000,1
S10309,V0591,,1
S10310,V0592,48000,1
S10311,V0593,45000,1
S10312,V0594,47000,1
S10313,V0595,101000,1
S10314,V0596,71000,1
S10315,V0597,,1
S10316,V0598,67000,1
S10317,V0599,48000,1
S10318,V0600,57000,1
S10319,V0601,59000,1
S10320,V0602,54000,1
S10321,V0603,,1
S10322,V0604,87000,1
S10323,V0605,89000,1
S10324,V0606,119000,1
S10325,V0607,80000,1
S10326,V0608,51000,1
S10327,V0609,,1
S10328,V0610,44000,1
S10329,V0611,74000,1
S10330,V0612,42000,1
S10331,V0613,162000,1
S10332,V0614,91000,1
S10333,V0615,,1
S10334,V0616,127000,1
S10335,V0617,70000,1
S10336,V0618,122000,1
S10337,V0619,59000,1
S10338,V0620,54000,1
S10339,V0621,,1
S10340,V0622,202000,1
S10341,V0623,167000,1
S10342,V0624,99000,1
S10343,V0625,62000,1
S10344,V0626,34000,1
S10345,V0627,,1
S10346,V0628,25000,1
S10347,V0629,51000,1
S10348,V0585,39000,1
S10349,V0630,43000,1
S10350,V0631,51000,1
S10351,V0632,,1
S10352,V0633,50000,1
S10353,V0634,36000,1
S10354,V0635,35000,1
S10355,V0636,34000,1
S10356,V0602,54000,1
S10357,V0637,,1
S10358,V0638,56000,1
S10359,V0639,80000,1
S10360,V0640,46000,1
S10361,V0641,45000,1
S10362,V0642,28000,1
S10363,V0643,,1
S10364,V0644,38000,1
S10365,V0645,48000,1
S10366,V0646,40000,1
S10367,V0647,92000,1
S10368,V0648,60000,1
S10369,V0649,,1
S10370,V0650,62000,1
S10371,V0651,40000,1
S10372,V0652,41000,1
S10373,V0653,49000,1
S10374,V0654,46000,1
S10375,V0655,,1
S10376,V0656,102000,1
S10377,V0657,72000,1
S10378,V0658,69000,1
S10379,V0659,68000,1
S10380,V0660,49000,1
S10381,V0661,,1
S10382,V0662,60000,1
S10383,V0663,55000,1
S10384,V0664,43000,1
S10385,V0665,88000,1
S10386,V0666,90000,1
S10387,V0667,,1
S10388,V0668,81000,1
S10389,V0669,52000,1
S10390,V0670,53000,1
S10391,V0671,45000,1
S10392,V0672,75000,1
S10393,V0673,,1
S10394,V0674,163000,1
S10395,V0675,92000,1
S10396,V0261,110000,1
S10397,V0676,128000,1
S10398,V0677,71000,1
S10399,V0678,,1
S10400,V0679,60000,1
S10401,V0680,55000,1
S10402,V0681,49000,1
S10403,V0682,203000,1
S10404,V0683,168000,1
S10405,V0684,,1
S10406,V0685,63000,1
S10407,V0686,35000,1
S10408,V0687,32000,1
S10409,V0688,26000,1
S10410,V0689,52000,1
S10411,V0646,,1
S10412,V0690,44000,1
S10413,V0691,52000,1
S10414,V0692,54000,1
S10415,V0693,51000,1
S10416,V0694,37000,1
S10417,V0695,,1
S10418,V0696,35000,1
S10419,V0663,55000,1
S10420,V0697,39000,1
S10421,V0698,57000,1
S10422,V0699,81000,1
S10423,V0700,,1
S10424,V0701,46000,1
S10425,V0702,29000,1
S10426,V0703,27000,1
S10427,V0704,39000,1
S10428,V0705,49000,1
S10429,V0706,,1
S10430,V0707,93000,1
S10431,V0708,61000,1
S10432,V0709,65000,1
S10433,V0710,63000,1
S10434,V0711,41000,1
S10435,V0712,,1
S10436,V0713,50000,1
S10437,V0714,47000,1
S10438,V0715,49000,1
S10439,V0716,103000,1
S10440,V0717,73000,1
S10441,V0718,,1
S10442,V0719,69000,1
S10443,V0720,50000,1
S10444,V0721,59000,1
S10445,V0722,61000,1
S10446,V0723,56000,1
S10447,V0724,,1
S10448,V0725,89000,1
S10449,V0726,91000,1
S10450,V0727,121000,1
S10451,V0728,82000,1
S10452,V0729,53000,1
S10453,V0730,,1
S10454,V0731,46000,1
S10455,V0732,76000,1
S10456,V0733,44000,1
S10457,V0734,164000,1
S10458,V0735,93000,1
S10459,V0736,,1
S10460,V0737,129000,1
S10461,V0738,72000,1
S10462,V0739,124000,1
S10463,V0740,61000,1
S10464,V0741,56000,1
S10465,V0742,,1
S10466,V0743,204000,1
S10467,V0744,169000,1
S10468,V0745,101000,1
S10469,V0746,64000,1
S10470,V0747,36000,1
S10471,V0748,,1
S10472,V0749,27000,1
S10473,V0750,53000,1
S10474,V0706,41000,1
S10475,V0751,45000,1
S10476,V0752,53000,1
S10477,V0753,,1
S10478,V0754,52000,1
S10479,V0755,38000,1
S10480,V0756,37000,1
S10481,V0757,36000,1
S10482,V0723,56000,1
S10483,V0758,,1
S10484,V0759,58000,1
S10485,V0760,82000,1
S10486,V0761,48000,1
S10487,V0762,47000,1
S10488,V0763,30000,1
S10489,V0764,,1
S10490,V0765,40000,1
S10491,V0766,50000,1
S10492,V0767,42000,1
S10493,V0768,94000,1
S10494,V0769,62000,1
S10495,V0770,,1
S10496,V0771,64000,1
S10497,V0772,42000,1
S10498,V0773,43000,1
S10499,V0774,51000,1
S10500,V0775,48000,1
S10501,V0776,81000,5
S10502,V0777,60000,12
S10503,V0778,31500,45
S10504,V0779,42000,0
S10505,V0780,102000,30
S10506,V0781,,18
S10507,V0782,32000,95
S10508,V0783,135000,2
S10509,V0784,145000,1
S10510,V0785,38000,8
S10511,V0786,68000,3
S10512,V0787,104000,25
S10513,V0788,,2
S10514,V0266,31000,5
S10515,V0789,65000,1
S10516,V0790,31000,40
S10517,V0791,,15
S10518,V0792,145000,1
S10519,V0793,88000,60
S10520,V0794,38000,110
S10521,V0795,56000,4
S10522,V0796,65000,2
S10523,V0196,,10
S10524,V0797,48000,55
S10525,V0798,67000,1
S10526,V0799,44000,120
S10527,V0800,45000,0
S10528,V0801,67000,5
S10529,V0802,,8
S10530,V0803,105000,2
S10531,V0804,90000,12
S10532,V0805,185000,1
S10533,V0806,30000,0
S10534,V0807,39000,35
S10535,V0808,27000,5
S10536,V0809,24200,28
S10537,V0810,44000,150
S10538,V0811,,10
S10539,V0812,34500,42
S10540,V0813,29000,2
S10541,V0093,21000,65
S10542,V0814,48000,1
S10543,V0570,,15
S10544,V0815,41000,80
S10545,V0816,36000,105
S10546,V0817,96000,5
S10547,V0818,58000,3
S10548,V0819,75000,1
S10549,V0820,49000,2
S10550,V0821,72000,5
S10501,V0776,81000,5
S10502,V0822,60000,12
S10503,V0823,31500,45
S10504,V0779,42000,0
S10505,V0824,102000,30
S10506,V0781,25800,18
S10507,V0782,32000,95
S10508,V0825,135000,2
S10509,V0826,145000,1
S10510,V0827,38000,8
S10511,V0828,68000,3
S10512,V0829,104000,25
S10513,V0788,62000,2
S10514,V0266,31000,5
S10515,V0789,65000,1
S10516,V0790,31000,40
S10517,V0791,51000,15
S10518,V0830,145000,1
S10519,V0793,88000,60
S10520,V0831,38000,110
S10521,V0795,56000,4
S10522,V0796,65000,2
S10523,V0196,52000,10
S10524,V0832,48000,55
S10525,V0833,67000,1
S10526,V0799,44000,120
S10527,V0834,45000,0
S10528,V0801,67000,5
S10529,V0802,49000,8
S10530,V0835,105000,2
S10531,V0524,90000,12
S10532,V0805,185000,1
S10533,V0836,30000,0
S10534,V0837,39000,35
S10535,V0808,27000,5
S10536,V0809,24200,28
S10537,V0810,44000,150
S10538,V0811,33000,10
S10539,V0812,34500,42
S10540,V0813,29000,2
S10541,V0093,21000,65
S10542,V0814,48000,1
S10543,V0570,50000,15
S10544,V0815,41000,80
S10545,V0838,36000,105
S10546,V0357,96000,5
S10547,V0839,58000,3
S10548,V0840,75000,1
S10549,V0841,49000,2
S10550,V0842,72000,5
S10551,V0843,34000,30
S10552,V0844,41000,85
S10553,V0277,36000,2
S10554,V0845,29000,140
S10555,V0846,68000,5
S10556,V0847,44000,10
S10557,V0848,22500,55
S10558,V0849,26500,40
S10559,V0850,39000,75
S10560,V0322,32000,1
S10561,V0851,27500,12
S10562,V0852,29800,22
S10563,V0853,25000,5
S10564,V0854,49000,8
S10565,V0855,38500,90
S10566,V0856,44000,45
S10567,V0857,40000,80
S10568,V0858,31500,35
S10569,V0859,30000,1
S10570,V0860,26000,115
S10571,V0861,48000,2
S10572,V0862,43000,50
S10573,V0863,55000,85
S10574,V0864,39500,40
S10575,V0865,23000,5
S10576,V0866,27800,32
S10577,V0867,30000,2
S10578,V0868,63000,55
S10579,V0420,36000,95
S10580,V0869,85000,15
S10581,V0870,78000,110
S10582,V0489,49000,4
S10583,V0871,51500,30
S10584,V0872,31000,2
S10585,V0070,22000,85
S10586,V0873,40500,45
S10587,V0874,38000,3
S10588,V0875,44000,55
S10589,V0876,50000,1
S10590,V0877,54000,105
S10591,V0878,45000,5
S10592,V0879,35500,40
S10593,V0880,23000,2
S10594,V0881,41000,1
S10595,V0882,40500,60
S10596,V0883,92000,20
S10597,V0884,47000,5
S10598,V0885,55000,75
S10599,V0886,44000,2
S10600,V0887,20500,90
S10601,V0888,26000,1
S10602,V0074,22200,35
S10603,V0889,29000,2
S10604,V0425,22000,140
S10605,V0890,26000,5
S10606,V0891,53000,80
S10607,V0892,37000,1
S10608,V0893,45000,120
S10609,V0894,42000,2
S10610,V0895,32500,55
S10611,V0896,40000,1
S10612,V0897,95000,5
S10613,V0898,55000,10
S10614,V0233,37000,65
S10615,V0899,38500,95
S10616,V0808,27000,2
S10617,V0900,28500,45
S10618,V0901,41000,8
S10619,V0902,34500,70
S10620,V0903,28000,1
S10621,V0109,32000,110
S10622,V0110,69000,90
S10623,V0904,46000,2
S10624,V0905,32000,75
S10625,V0906,55000,5
S10626,V0907,48000,15
S10627,V0185,51000,1
S10628,V0029,39000,25
S10629,V0908,40000,1
S10630,V0909,39000,55
S10631,V0910,74000,130
S10632,V0254,46000,2
S10633,V0911,51000,5
S10634,V0912,25000,45
S10635,V0116,50000,1
S10636,V0913,49000,1
S10637,V0914,52000,105
S10638,V0915,38000,2
S10639,V0916,25000,1
S10640,V0917,19500,110
S10641,V0918,43000,1
S10642,V0919,65000,60
S10643,V0920,26500,145
S10644,V0921,48000,80
S10645,V0922,56000,2
S10646,V0125,38000,70
S10647,V0923,45000,1
S10648,V0924,23000,115
S10649,V0925,28500,45
S10650,V0926,25000,2
S10651,V0927,18500,130
S10652,V0928,29000,95
S10653,V0929,24000,1
S10654,V0930,42000,100
S10655,V0931,19000,65
S10656,V0932,46000,1
S10657,V0467,53000,35
S10658,V0933,59000,12
S10659,V0934,26000,150
S10660,V0935,78000,90
S10661,V0936,61000,125
S10662,V0937,115000,2
S10663,V0211,57000,55
S10664,V0938,33000,1
S10665,V0939,24000,160
S10666,V0940,30000,1
S10667,V0160,19800,45
S10668,V0941,95000,1
S10669,V0942,28500,115
S10670,V0943,70000,85
S10671,V0944,27000,140
S10672,V0945,29000,5
S10673,V0080,28200,42
S10674,V0946,45000,5
S10675,V0947,20500,120
S10676,V0948,34000,100
S10677,V0949,76000,1
S10678,V0950,59000,75
S10679,V0951,55000,2
S10680,V0952,36000,130
S10681,V0809,23800,65
S10682,V0796,60000,1
S10683,V0953,41000,110
S10684,V0051,55000,2
S10685,V0954,37500,50
S10686,V0955,53000,115
S10687,V0126,45000,1
S10688,V0956,31800,60
S10689,V0957,36500,145
S10690,V0958,51000,5
S10691,V0476,44000,2
S10692,V0959,82000,120
S10693,V0960,49500,85
S10694,V0961,42000,140
S10695,V0962,40500,75
S10696,V0963,34000,1
S10697,V0224,34500,150
S10698,V0964,45000,2
S10699,V0965,24000,65
S10700,V0966,26000,1
S10701,V0967,46500,45
S10702,V0248,125000,1
S10703,V0968,31000,160
S10704,V0529,39000,1
S10705,V0969,21000,85
S10706,V0970,31000,130
S10707,V0971,25000,115
S10708,V0288,160000,1
S10709,V0972,84000,95
S10710,V0188,105000,5
S10711,V0241,85000,150
S10712,V0973,28800,70
S10713,V0974,31000,110
S10714,V0975,43000,1
S10715,V0976,35000,2
S10716,V0977,45000,65
S10717,V0978,22500,140
S10718,V0979,52000,1
S10719,V0980,26800,80
S10720,V0466,47000,5
S10721,V0981,79000,2
S10722,V0982,70000,1
S10723,V0983,37500,55
S10724,V0316,40000,15
S10725,V0984,67000,90
S10726,V0985,72000,1
S10727,V0986,55000,1
S10728,V0987,28500,125
S10729,V0988,49000,1
S10730,V0989,37500,105
S10731,V0789,65000,1
S10732,V0990,39000,150
S10733,V0334,62000,1
S10734,V0991,42000,1
S10735,V0992,42500,75
S10736,V0293,23000,1
S10737,V0993,40000,1
S10738,V0994,45000,95
S10739,V0297,35000,1
S10740,V0329,52000,10
S10741,V0995,44000,75
S10742,V0996,50000,1
S10743,V0997,43000,1
S10744,V0998,25200,55
S10745,V0999,25000,1
S10746,V1000,26800,80
S10747,V1001,49000,1
S10748,V1002,40500,140
S10749,V0361,58000,1
S10750,V1003,63000,1
S10751,V1004,32500,95
S10752,V1005,31000,1
S10753,V0371,33200,45
S10754,V1006,50000,1
S10755,V1007,26000,1
S10756,V0097,95000,5
S10757,V1008,52000,85
S10758,V1009,47000,1
S10759,V1010,52000,1
S10760,V1011,29500,130
S10761,V1012,31000,1
S10762,V1013,19500,160
S10763,V1014,33000,1
S10764,V0240,26000,75
S10765,V1015,29000,1
S10766,V1016,37000,1
S10767,V1017,21200,55
S10768,V1018,35000,1
S10769,V1019,37800,65
S10770,V1020,68000,1
S10771,V1021,40000,1
S10772,V0246,88000,2
S10773,V1022,85000,1
S10774,V0526,62000,1
S10775,V1023,40800,50
S10776,V1024,32000,1
S10777,V1025,27000,1
S10778,V1026,39500,95
S10779,V1027,35000,1
S10780,V1028,24500,110
S10781,V1029,38000,1
S10782,V0090,35800,65
S10783,V1030,37000,1
S10784,V1031,26000,1
S10785,V1032,42000,25
S10786,V1033,32000,1
S10787,V0507,45000,1
S10788,V0173,250000,1
S10789,V0289,88000,1
S10790,V0309,41000,1
S10791,V1034,42000,1
S10792,V1035,24000,1
S10793,V1036,30000,1
S10794,V1037,42000,1
S10795,V1038,38000,1
S10796,V1039,50000,1
S10797,V1040,52000,1
S10798,V0503,105000,1
S10799,V1041,43000,120
S10800,V1042,47000,1
S10801,V1043,35000,1
S10802,V1044,70000,1
S10803,V0541,41000,1
S10804,V1045,165000,1
S10805,V0193,175000,1
S10806,V1046,95000,1
S10807,V1047,105000,1
S10808,V0438,47000,1
S10809,V1048,52000,1
S10810,V0841,46000,1
S10811,V1049,51000,1
S10812,V1050,98000,1
S10813,V1051,95000,1
S10814,V1052,130000,1
S10815,V0250,46000,1
S10816,V1053,48000,1
S10817,V1054,65000,1
S10818,V0567,50000,1
S10819,V0257,55000,1
S10820,V0258,110000,1
S10821,V1055,108000,1
S10822,V1056,110000,1
S10823,V1057,78000,1
S10824,V1058,35000,1
S10825,V1059,28000,1
S10826,V1060,62000,1
S10827,V1061,68000,1
S10828,V1062,52000,1
S10829,V1063,65000,1
S10830,V0607,80000,1
S10831,V1064,31000,1
S10832,V0504,55000,1
S10833,V0557,58000,1
S10834,V0493,72000,1
S10835,V0594,47000,1
S10836,V1065,43000,1
S10837,V1066,70000,1
S10838,V0718,70000,1
S10839,V1067,46000,1
S10840,V1068,33000,1
S10841,V1069,50000,1
S10842,V1070,45000,1
S10843,V1071,51000,1
S10844,V1072,48000,1
S10845,V1040,52000,1
S10846,V0633,50000,1
S10847,V0537,47000,1
S10848,V0065,33000,1
S10849,V1073,32000,1
S10850,V0506,43000,1
S10851,V0568,38000,1
S10852,V1074,52000,1
S10853,V0516,49000,1
S10854,V0571,52000,1
S10855,V1075,56000,1
S10856,V1076,35000,1
S10857,V1077,32000,1
S10858,V1078,31000,1
S10859,V1079,40000,1
S10860,V1080,48000,1
S10861,V1081,35000,1
S10862,V0580,44000,1
S10863,V0519,34000,1
S10864,V0591,40000,1
S10865,V1082,31000,1
S10866,V1083,52000,1
S10867,V0502,26000,1
S10868,V1084,88000,1
S10869,V1085,45000,1
S10870,V0147,48000,1
S10871,V1086,44000,1
S10872,V1087,28000,1
S10873,V1088,26000,1
S10874,V1089,24000,1
S10875,V1090,30000,1
S10876,V1091,29000,1
S10877,V1092,30000,1
S10878,V1093,39000,1
S10879,V1094,24000,1
S10880,V1095,22000,1
S10881,V0566,24000,1
S10882,V1096,32000,1
S10883,V0550,41000,1
S10884,V1097,98000,1
S10885,V1098,86000,1
S10886,V0588,63000,1
S10887,V1099,67000,1
S10888,V1100,40000,1
S10889,V1025,27000,1
S10890,V1101,44000,1
S10891,V1102,22000,1
S10892,V1103,51000,1
S10893,V1104,40000,1
S10894,V1105,58000,1
S10895,V1106,47000,1
S10896,V0251,48000,1
S10897,V1107,44000,1
S10898,V0497,36000,1
S10899,V0603,42000,1
S10900,V1108,82000,1
S10901,V1109,56000,1
S10902,V1110,42000,1
S10903,V1111,43000,1
S10904,V1112,25000,1
S10905,V1113,31000,1
S10906,V1114,43000,1
S10907,V1115,39000,1
S10908,V1116,32000,1
S10909,V1117,39000,1
S10910,V1118,53000,1
S10911,V1119,26000,1
S10912,V1120,36000,1
S10913,V1121,46000,1
S10914,V1122,69000,1
S10915,V1123,44000,1
S10916,V1124,44000,1
S10917,V1125,41000,1
S10918,V1126,43000,1
S10919,V1127,47000,1
S10920,V1128,48000,1
S10921,V1129,53000,1
S10922,V1130,63000,1
S10923,V0237,52000,1
S10924,V1131,99000,1
S10925,V0186,75000,1
S10926,V1132,106000,1
S10927,V0428,47000,1
S10928,V0538,56000,1
S10929,V0501,33000,1
S10930,V1133,52000,1
S10931,V0559,47000,1
S10932,V1134,53000,1
S10933,V1135,77000,1
S10934,V1136,42000,1
S10935,V1137,79000,1
S10936,V1138,41000,1
S10937,V1139,48000,1
S10938,V1140,47000,1
S10939,V1141,69000,1
S10940,V1142,53000,1
S10941,V1143,66000,1
S10942,V1144,131000,1
S10943,V0617,70000,1
S10944,V1145,46000,1
S10945,V0619,59000,1
S10946,V0549,73000,1
S10947,V0612,42000,1
S10948,V0551,161000,1
S10949,V0477,89000,1
S10950,V1146,106000,1
S10951,V1147,69000,1
S10952,V1148,36000,1
S10953,V1149,32000,1
S10954,V1150,44000,1
S10955,V1151,34000,1
S10956,V1152,56000,1
S10957,V1153,53000,1
S10958,V0668,81000,1
S10959,V0528,38000,1
S10960,V0429,49000,1
S10961,V0418,42000,1
S10962,V1154,53000,1
S10963,V1155,27000,1
S10964,V1156,89000,1
S10965,V1157,71000,1
S10966,V1158,71000,1
S10967,V1159,57000,1
S10968,V1160,36000,1
S10969,V1161,33000,1
S10970,V1162,46000,1
S10971,V1163,52000,1
S10972,V1164,49000,1
S10973,V1165,36000,1
S10974,V0641,45000,1
S10975,V0573,35000,1
S10976,V0652,41000,1
S10977,V0521,36000,1
S10978,V0531,44000,1
S10979,V0514,36000,1
S10980,V1166,45000,1
S10981,V1167,46000,1
S10982,V1168,49000,1
S10983,V1169,45000,1
S10984,V1170,29000,1
S10985,V1171,27000,1
S10986,V1172,25000,1
S10987,V1173,39000,1
S10988,V1174,30000,1
S10989,V0312,31000,1
S10990,V1175,40000,1
S10991,V0381,25000,1
S10992,V0293,23000,1
S10993,V0628,25000,1
S10994,V1176,61000,1
S10995,V0532,46000,1
S10996,V1177,99000,1
S10997,V1178,87000,1
S10998,V1179,79000,1
S10999,V0795,56000,1
S11000,V1128,48000,1
